{
    "best_epoch": 13,
    "best_val_cindex": 0.989648798521257,
    "min_val_loss": 1.809955358505249
}