{
    "train_loss": [
        2.326739227070528,
        1.9714330680230086,
        1.8477979880921982,
        1.7270656473496382,
        1.6460563277497011,
        1.5650863906039911,
        1.5405486734474407,
        1.4639040734618902,
        1.406468213919331,
        1.3604902602074778,
        1.2985850274562836,
        1.3240488066392786,
        1.3891195058822632,
        1.3864750932244694,
        1.3017284322310896,
        1.1867539260317297,
        1.2457819440785576,
        1.3197053180021399,
        1.2693772806840784,
        1.1925201766631182,
        1.1792754215352677,
        1.2352530325160307,
        1.1887912090100787,
        1.2445822521934615,
        1.1198841660721774,
        1.0925132971366538,
        1.0814832589205574,
        1.065823573838262,
        1.0176969310816597,
        1.0461805959588246,
        1.0967614510480095,
        1.0383038614321884,
        1.033676431459539
    ],
    "val_loss": [
        2.5310109853744507,
        2.4916807413101196,
        2.4474605321884155,
        2.3678279519081116,
        2.1719480752944946,
        2.2064467668533325,
        2.0909919440746307,
        2.084407240152359,
        2.07721146941185,
        1.9863611161708832,
        2.008169263601303,
        1.9344050586223602,
        1.9015691876411438,
        1.9244775474071503,
        1.8740254640579224,
        1.930333435535431,
        1.8742603361606598,
        1.8918445110321045,
        2.000475972890854,
        1.8950050473213196,
        1.8225014507770538,
        2.0041554868221283,
        2.176127016544342,
        2.0630499720573425,
        1.8749518990516663,
        1.864276796579361,
        2.068120390176773,
        2.031675159931183,
        1.9465517103672028,
        1.809955358505249,
        2.080797493457794,
        1.834066480398178,
        1.95999476313591
    ],
    "train_cindex": [
        0.6790057565475963,
        0.7933285044413099,
        0.8352788685143533,
        0.8466928443444779,
        0.8767183866417597,
        0.8779306926918532,
        0.8877282604551866,
        0.892874842743319,
        0.902542792878655,
        0.9009797567763334,
        0.9080782280507796,
        0.9066676832755137,
        0.9071632800884449,
        0.8942396401204682,
        0.9046852960237887,
        0.9169608478517784,
        0.9127139643932751,
        0.9090846708093477,
        0.9161907666501468,
        0.9244252983111586,
        0.9216423315923907,
        0.926499180359117,
        0.9181502802028134,
        0.9019557012694903,
        0.9224581601921391,
        0.9275818687812131,
        0.9294498875376463,
        0.9267660401814647,
        0.9304563302962144,
        0.9318821242041859,
        0.9322099805573558,
        0.9227326445808395,
        0.9236018451450574
    ],
    "val_cindex": [
        0.8533579790511399,
        0.8680221811460259,
        0.8956253850893408,
        0.9444239063462724,
        0.9578558225508318,
        0.9716574245224893,
        0.9688231669747381,
        0.9739987677141096,
        0.9622920517560074,
        0.9859519408502773,
        0.9640172520024646,
        0.9626617375231054,
        0.989648798521257,
        0.9816389402341343,
        0.9865680837954406,
        0.9797905113986445,
        0.9823783117683302,
        0.9730129390018484,
        0.9398644485520641,
        0.9833641404805915,
        0.9882932840418978,
        0.9467652495378928,
        0.9279112754158965,
        0.9500924214417745,
        0.9725200246457179,
        0.9727664818237831,
        0.9364140480591497,
        0.9382624768946396,
        0.9529266789895255,
        0.9748613678373382,
        0.9383857054836722,
        0.9710412815773259,
        0.9470117067159581
    ]
}