R_0.05Hz,R_0.1Hz,R_0.2Hz,R_0.4Hz,R_1.0Hz,R_10.0Hz,R_100.0Hz,R_1kHz,R_2.0Hz,R_20.0Hz,R_200.0Hz,R_4.0Hz,R_40.0Hz,R_400.0Hz,X_0.05Hz,X_0.1Hz,X_0.2Hz,X_0.4Hz,X_1.0Hz,X_10.0Hz,X_100.0Hz,X_1kHz,X_2.0Hz,X_20.0Hz,X_200.0Hz,X_4.0Hz,X_40.0Hz,X_400.0Hz,BATTERY_ID,MEASURE_ID
0.10411277848797842,0.10243664223745404,0.10134073177845915,0.10093242030082919,0.09999923975335606,0.09666912193115343,0.0883275464871319,0.08103239704187512,0.09935925310169139,0.0945573238376061,0.08567222067843003,0.09854828259614298,0.09202860938738794,0.08335806652520325,-0.004771176153950834,-0.003825413446094655,-0.002551129826921945,-0.001964552137766119,-0.0019491974800346069,-0.0039779508384227965,-0.005599092493937678,-0.0032289639569706334,-0.0022765086798060283,-0.004892587219387599,-0.0051374523698483245,-0.0027317553969510846,-0.005467928384936417,-0.00440536576155164,5,05_4
