R_0.05Hz,R_0.1Hz,R_0.2Hz,R_0.4Hz,R_1.0Hz,R_10.0Hz,R_100.0Hz,R_1kHz,R_2.0Hz,R_20.0Hz,R_200.0Hz,R_4.0Hz,R_40.0Hz,R_400.0Hz,X_0.05Hz,X_0.1Hz,X_0.2Hz,X_0.4Hz,X_1.0Hz,X_10.0Hz,X_100.0Hz,X_1kHz,X_2.0Hz,X_20.0Hz,X_200.0Hz,X_4.0Hz,X_40.0Hz,X_400.0Hz,BATTERY_ID,MEASURE_ID
0.10546500668846681,0.1038710028241403,0.10278108229604947,0.10220739160068563,0.10107026695363479,0.09713632364910779,0.08880722511548239,0.08148103171613945,0.10025249368716119,0.09487343659220442,0.08622726389458338,0.09927755401791397,0.09235092644870789,0.08394937619682377,-0.004962695919593222,-0.003978748274277825,-0.002759316923944888,-0.00217301167819921,-0.0022161744137445183,-0.004231088358200274,-0.0054588757042311805,-0.0034124918503320315,-0.002643572303018383,-0.005036828305420734,-0.005114978916385568,-0.003087493996343144,-0.0054282228179336105,-0.004526491789166967,3,03_7
