R_0.05Hz,R_0.1Hz,R_0.2Hz,R_0.4Hz,R_1.0Hz,R_10.0Hz,R_100.0Hz,R_1kHz,R_2.0Hz,R_20.0Hz,R_200.0Hz,R_4.0Hz,R_40.0Hz,R_400.0Hz,X_0.05Hz,X_0.1Hz,X_0.2Hz,X_0.4Hz,X_1.0Hz,X_10.0Hz,X_100.0Hz,X_1kHz,X_2.0Hz,X_20.0Hz,X_200.0Hz,X_4.0Hz,X_40.0Hz,X_400.0Hz,BATTERY_ID,MEASURE_ID
0.10402435927146181,0.10242504919889117,0.10133517563002706,0.10085185236003462,0.09985199722930735,0.09656491428475034,0.08876205834521478,0.08171300244971243,0.09921012883988159,0.0945743467938804,0.08624530299986635,0.09835491906215504,0.09217817648373487,0.08405276699373664,-0.00484470419768194,-0.003839781925561814,-0.002634231270415276,-0.0019940630669241463,-0.0019687481606879428,-0.003749777119007828,-0.005269305744460341,-0.003148195190459198,-0.002291800834385849,-0.004619591716824436,-0.004924431946685257,-0.002694059804203273,-0.005159572992356993,-0.0042515128002163375,5,05_7
