R_0.05Hz,R_0.1Hz,R_0.2Hz,R_0.4Hz,R_1.0Hz,R_10.0Hz,R_100.0Hz,R_1kHz,R_2.0Hz,R_20.0Hz,R_200.0Hz,R_4.0Hz,R_40.0Hz,R_400.0Hz,X_0.05Hz,X_0.1Hz,X_0.2Hz,X_0.4Hz,X_1.0Hz,X_10.0Hz,X_100.0Hz,X_1kHz,X_2.0Hz,X_20.0Hz,X_200.0Hz,X_4.0Hz,X_40.0Hz,X_400.0Hz,BATTERY_ID,MEASURE_ID
0.10451909614749391,0.10293954352769222,0.10182470373422488,0.10127362749915263,0.10020327823803994,0.09633817562536462,0.08805525943303572,0.08070175385402148,0.09949122837546256,0.09418891258766417,0.08551260708155613,0.09834146255638157,0.0916333268746978,0.08319214273871153,-0.004927954726452721,-0.003882197740875313,-0.002709532212676574,-0.0021106016026457763,-0.0022193464751216613,-0.004152465780448108,-0.005513150446049657,-0.0034350748404864935,-0.002571058334022192,-0.005007883505309115,-0.005150234447957897,-0.003064086846220905,-0.005441245976293293,-0.0045552801915017625,3,03_6
