R_0.05Hz,R_0.1Hz,R_0.2Hz,R_0.4Hz,R_1.0Hz,R_10.0Hz,R_100.0Hz,R_1kHz,R_2.0Hz,R_20.0Hz,R_200.0Hz,R_4.0Hz,R_40.0Hz,R_400.0Hz,X_0.05Hz,X_0.1Hz,X_0.2Hz,X_0.4Hz,X_1.0Hz,X_10.0Hz,X_100.0Hz,X_1kHz,X_2.0Hz,X_20.0Hz,X_200.0Hz,X_4.0Hz,X_40.0Hz,X_400.0Hz,BATTERY_ID,MEASURE_ID
0.105958069077253,0.10417885135747859,0.10297081911126849,0.10236380384901926,0.101132428426518,0.09673936092081688,0.08708037414213214,0.07914255319315458,0.10031260624808318,0.09408869603210092,0.08423864834467162,0.09903960425514227,0.09117798391647819,0.08175275507124614,-0.005162486967471171,-0.004214094106358935,-0.002914253914011639,-0.002378729065917265,-0.002438062891209479,-0.004859044275028581,-0.006146802895355955,-0.003585611549590439,-0.002899005139492002,-0.005767738106060156,-0.005649752353800867,-0.0035552391091547182,-0.006207138723540237,-0.004822672446758737,2,02_7
