R_0.05Hz,R_0.1Hz,R_0.2Hz,R_0.4Hz,R_1.0Hz,R_10.0Hz,R_100.0Hz,R_1kHz,R_2.0Hz,R_20.0Hz,R_200.0Hz,R_4.0Hz,R_40.0Hz,R_400.0Hz,X_0.05Hz,X_0.1Hz,X_0.2Hz,X_0.4Hz,X_1.0Hz,X_10.0Hz,X_100.0Hz,X_1kHz,X_2.0Hz,X_20.0Hz,X_200.0Hz,X_4.0Hz,X_40.0Hz,X_400.0Hz,BATTERY_ID,MEASURE_ID
0.1057496939811953,0.1040704007060906,0.10291794702766015,0.10236852508936752,0.10128987806651162,0.09712571334945189,0.08892250516646066,0.08169985152157377,0.1004374668802133,0.09491439667672076,0.08642696610546541,0.0992876570870408,0.09242540300492283,0.0841785748743968,-0.0049218926059223875,-0.003975661274641072,-0.0027943370757977292,-0.002206670992047169,-0.002286003069617638,-0.00428119034242845,-0.005345668644719415,-0.0033751265391822544,-0.002741434699788813,-0.00500774924008198,-0.005048755017020186,-0.0032353303374239315,-0.005361611688452644,-0.004474097411164543,3,03_8
