R_0.05Hz,R_0.1Hz,R_0.2Hz,R_0.4Hz,R_1.0Hz,R_10.0Hz,R_100.0Hz,R_1kHz,R_2.0Hz,R_20.0Hz,R_200.0Hz,R_4.0Hz,R_40.0Hz,R_400.0Hz,X_0.05Hz,X_0.1Hz,X_0.2Hz,X_0.4Hz,X_1.0Hz,X_10.0Hz,X_100.0Hz,X_1kHz,X_2.0Hz,X_20.0Hz,X_200.0Hz,X_4.0Hz,X_40.0Hz,X_400.0Hz,BATTERY_ID,MEASURE_ID
0.10759766019634971,0.10574381734554299,0.1046154709984819,0.10397124969036711,0.10267889421351259,0.09813725584932828,0.08788456246454722,0.0796185505591733,0.10187391231280336,0.09538437550442927,0.08482196519422394,0.10069883592940654,0.0921789029323832,0.08228352925759949,-0.00536789207698607,-0.004137839238434563,-0.0030132049607512388,-0.0024012703087238,-0.002461949927926234,-0.005089187788354672,-0.006571486593458136,-0.003617847694042016,-0.0030163151734120723,-0.0061804511319956375,-0.005957037771447127,-0.003627583200858433,-0.006685775055896221,-0.0050326532608220165,2,02_5
