R_0.05Hz,R_0.1Hz,R_0.2Hz,R_0.4Hz,R_1.0Hz,R_10.0Hz,R_100.0Hz,R_1kHz,R_2.0Hz,R_20.0Hz,R_200.0Hz,R_4.0Hz,R_40.0Hz,R_400.0Hz,X_0.05Hz,X_0.1Hz,X_0.2Hz,X_0.4Hz,X_1.0Hz,X_10.0Hz,X_100.0Hz,X_1kHz,X_2.0Hz,X_20.0Hz,X_200.0Hz,X_4.0Hz,X_40.0Hz,X_400.0Hz,BATTERY_ID,MEASURE_ID
0.10365435762620741,0.10189491598529579,0.10076267935659051,0.1001234207698131,0.09898051208793915,0.09460893950974324,0.08550844502938001,0.07771285515059766,0.09806668430495838,0.0921470954143929,0.08275313971763079,0.09685014606219931,0.089345506802848,0.08030922629769187,-0.005073503765087733,-0.004085443940328921,-0.00291910461314628,-0.002360267540294081,-0.002387958520216713,-0.004658662717922707,-0.0058516548561094815,-0.003500884613685644,-0.002818628184403672,-0.005505349023481191,-0.0054579240486735455,-0.003424068816083334,-0.005924104213554614,-0.0047175054278623275,2,02_8
