R_0.05Hz,R_0.1Hz,R_0.2Hz,R_0.4Hz,R_1.0Hz,R_10.0Hz,R_100.0Hz,R_1kHz,R_2.0Hz,R_20.0Hz,R_200.0Hz,R_4.0Hz,R_40.0Hz,R_400.0Hz,X_0.05Hz,X_0.1Hz,X_0.2Hz,X_0.4Hz,X_1.0Hz,X_10.0Hz,X_100.0Hz,X_1kHz,X_2.0Hz,X_20.0Hz,X_200.0Hz,X_4.0Hz,X_40.0Hz,X_400.0Hz,BATTERY_ID,MEASURE_ID
0.10244259978001627,0.1008942831776591,0.09982845583279362,0.09940752830396753,0.09852482634136436,0.09525154352809038,0.08676814339349051,0.07947135343967811,0.09788434316929613,0.09304908809234333,0.08409791173165615,0.09707877571097431,0.09053072138436216,0.08181595090444402,-0.004665761170793477,-0.0037421011639552208,-0.0025049635226538623,-0.001905185065178334,-0.001857648271512486,-0.003975759610020989,-0.005610276591016962,-0.003187788169134508,-0.002224893058817432,-0.004916221217193654,-0.005102240288015737,-0.002726776037849956,-0.005518827921289776,-0.004383817400901577,5,05_3
